Temperature_C,Humidity_pct,WindSpeed_kmh,Pressure_hPa,CloudCover_pct,Weather
29.1,71.3,4.7,1011.7,35.5,Rainy
19.7,51.6,10.6,1015.1,75.4,Sunny
32.3,84.9,16.9,1009.9,55.9,Rainy
33.6,50.7,13.3,1009.1,28.5,Sunny
13.3,50.5,9.4,1012.6,23.8,Sunny
17.9,71.7,9.3,998.6,1.9,Rainy
27.9,75.7,9.0,1015.3,56.1,Cloudy
24.8,70.1,7.8,1012.0,38.1,Rainy
26.9,31.7,30.0,1012.3,0.0,Sunny
21.0,71.7,16.1,1018.7,33.0,Sunny
33.2,43.4,20.2,998.3,22.8,Rainy
32.4,66.2,10.6,998.2,92.1,Rainy
27.5,36.4,12.7,1013.9,0.3,Sunny
34.9,70.0,9.0,1012.0,7.6,Sunny
30.3,47.5,0.0,1013.2,79.1,Rainy
21.0,38.9,4.4,1008.8,86.0,Cloudy
29.6,74.8,1.3,1016.7,27.1,Sunny
20.3,66.3,0.0,1018.5,30.3,Sunny
33.1,50.9,5.6,1015.4,65.3,Sunny
26.7,88.1,23.3,1010.2,0.0,Sunny
25.7,54.1,13.7,997.2,0.0,Sunny
22.2,62.6,23.0,1017.4,40.1,Sunny
35.6,66.8,16.9,1020.6,91.4,Cloudy
25.9,50.8,19.5,1016.5,35.8,Sunny
24.0,70.5,7.7,1005.8,50.8,Rainy
24.5,52.4,17.7,1016.7,79.7,Sunny
30.7,54.6,19.1,1018.0,100.0,Rainy
29.6,86.5,10.0,1022.9,31.8,Sunny
29.9,43.3,17.9,1005.9,47.5,Sunny
30.0,20.0,18.0,1010.4,99.0,Cloudy
42.0,91.0,10.2,1017.2,5.4,Sunny
24.2,98.0,6.1,1012.4,76.8,Rainy
23.4,54.7,5.7,1004.2,19.5,Sunny
21.3,27.1,14.6,1014.9,50.9,Sunny
31.3,56.4,16.3,1016.1,41.2,Sunny
34.9,56.8,8.5,1012.6,21.2,Sunny
26.2,58.6,14.2,1013.5,20.5,Sunny
21.1,42.0,18.0,1010.2,55.7,Sunny
21.2,72.4,18.3,1022.3,75.9,Cloudy
31.6,71.4,24.9,1005.7,44.4,Rainy
32.2,35.1,22.9,1007.9,50.0,Cloudy
30.8,74.6,7.0,1012.1,64.0,Rainy
22.3,98.0,25.8,1018.2,20.8,Sunny
28.6,65.1,10.3,1001.5,68.7,Rainy
27.8,55.9,21.3,1002.8,70.9,Rainy
28.5,59.4,14.5,997.7,100.0,Rainy
33.1,73.1,11.1,1012.2,37.5,Sunny
28.6,30.8,1.3,1004.2,35.2,Sunny
31.8,65.0,12.8,1009.3,69.5,Rainy
27.5,55.0,3.1,1016.6,70.9,Rainy
29.0,95.3,20.8,1007.5,33.0,Rainy
31.4,58.9,24.6,1013.6,36.7,Sunny
16.8,92.0,8.4,1009.9,63.2,Rainy
24.8,42.1,16.1,1016.7,24.8,Sunny
23.7,72.6,8.9,1015.3,36.5,Sunny
22.5,67.7,9.6,1007.2,50.5,Cloudy
25.1,46.4,19.4,1010.8,75.9,Cloudy
37.5,65.2,13.7,1019.3,31.1,Sunny
20.9,83.8,26.2,1014.8,0.0,Sunny
33.8,56.2,10.6,1002.2,0.0,Sunny
15.2,31.5,21.0,1016.6,12.7,Sunny
24.7,61.7,14.7,1004.4,11.2,Sunny
28.1,45.8,19.6,1021.9,43.7,Sunny
31.1,55.8,10.9,1019.2,14.7,Sunny
32.0,60.5,13.7,1014.0,28.3,Sunny
32.6,31.3,13.2,1013.1,26.3,Sunny
24.6,32.9,8.1,1010.5,35.7,Sunny
23.8,70.7,18.6,1016.7,85.0,Rainy
33.0,52.6,18.6,1009.4,66.5,Rainy
25.7,20.0,18.2,1013.6,48.5,Sunny
18.1,76.1,24.8,1018.1,35.1,Sunny
19.1,66.9,24.1,1008.1,35.9,Sunny
20.6,49.2,11.4,1007.7,57.2,Cloudy
30.5,38.3,16.6,1003.6,64.4,Rainy
28.0,77.0,9.6,1004.5,22.6,Rainy
31.8,68.3,14.2,999.2,49.0,Rainy
24.0,98.0,9.8,1017.1,0.0,Sunny
28.1,69.6,25.3,1024.7,53.9,Sunny
31.4,69.0,16.5,1022.0,69.3,Cloudy
24.8,59.0,12.5,1000.6,40.2,Rainy
30.2,76.7,22.4,1017.1,98.9,Rainy
22.4,73.3,0.0,1022.0,23.3,Sunny
24.5,84.5,0.0,1008.8,54.1,Rainy
24.3,52.6,19.6,1012.7,47.0,Sunny
18.6,54.2,14.4,997.9,45.2,Rainy
30.4,53.4,15.8,1013.9,44.8,Sunny
23.7,76.2,4.7,1004.6,51.0,Rainy
27.1,89.0,13.8,1013.4,71.7,Rainy
30.4,53.7,28.0,1001.1,86.6,Rainy
30.1,54.4,19.8,1015.8,47.9,Sunny
31.7,67.7,15.2,1019.2,70.8,Sunny
26.3,57.6,10.9,1006.5,28.4,Sunny
24.0,79.1,11.2,1004.0,69.4,Rainy
26.4,21.5,0.0,996.9,26.7,Sunny
15.2,47.1,15.8,1010.1,78.5,Rainy
16.9,47.9,19.9,1007.9,100.0,Rainy
17.7,20.2,3.0,1001.1,44.6,Rainy
20.0,44.7,9.4,1015.2,0.0,Sunny
29.8,45.5,5.9,1008.9,32.7,Sunny
20.7,58.4,7.2,1004.5,82.5,Rainy
24.4,82.0,14.4,1008.1,63.5,Rainy
36.1,57.6,0.0,1019.5,55.0,Sunny
24.5,43.4,18.3,1016.2,76.2,Cloudy
32.2,61.0,19.3,1011.1,61.6,Rainy
20.5,80.9,12.2,1016.3,82.1,Rainy
25.6,44.4,0.0,1003.9,73.7,Rainy
20.3,45.6,7.0,1012.2,90.6,Rainy
24.6,72.1,22.6,1013.0,58.0,Rainy
32.9,58.0,0.0,1008.7,73.3,Cloudy
14.9,73.7,11.6,1015.0,39.4,Cloudy
30.0,61.8,5.7,1006.5,31.2,Sunny
28.7,74.6,19.6,1015.6,95.8,Rainy
22.8,43.4,9.3,1015.9,54.1,Sunny
16.9,61.8,16.8,991.6,70.5,Rainy
27.5,58.2,18.0,1020.3,51.5,Sunny
23.3,40.1,26.9,990.7,31.6,Rainy
28.6,33.9,12.6,1007.7,48.3,Sunny
27.2,74.3,16.6,1019.2,88.2,Rainy
38.2,55.7,3.6,1009.8,63.5,Sunny
25.3,43.6,22.3,1001.7,0.1,Sunny
19.8,60.3,8.7,1004.3,42.0,Rainy
28.3,82.3,10.1,1019.2,97.9,Rainy
28.5,20.9,13.8,998.5,42.0,Sunny
36.5,35.1,3.1,1019.9,0.0,Sunny
32.8,45.4,15.6,1011.6,100.0,Rainy
29.5,88.3,20.8,1003.7,67.1,Rainy
37.2,67.1,16.1,1007.9,46.0,Sunny
18.7,75.8,2.9,1004.9,37.6,Rainy
22.5,41.5,13.1,1018.1,78.3,Cloudy
20.5,41.8,19.2,1017.1,32.8,Sunny
24.3,70.1,0.9,1000.0,80.2,Rainy
17.4,63.0,6.5,1009.2,63.2,Rainy
31.4,71.9,20.1,1006.0,54.9,Rainy
25.4,58.6,15.9,1021.1,52.1,Sunny
16.7,67.0,16.9,1002.5,43.1,Rainy
19.9,64.8,27.0,1023.2,77.3,Cloudy
29.2,76.0,17.3,1011.8,23.8,Sunny
32.9,76.5,18.6,1003.9,2.6,Rainy
41.0,32.8,33.0,1007.3,65.2,Sunny
44.0,21.5,12.5,1006.4,65.7,Rainy
29.9,80.0,8.4,1003.1,61.4,Rainy
20.1,83.4,17.0,1012.7,59.4,Rainy
12.1,43.6,17.1,1003.4,39.0,Cloudy
28.9,28.5,10.3,996.7,70.0,Rainy
21.3,63.8,6.8,1009.3,46.7,Sunny
24.1,78.8,30.2,999.4,34.4,Rainy
22.7,94.4,16.3,1006.7,39.3,Rainy
26.0,71.3,8.9,1005.6,100.0,Rainy
34.5,55.3,20.4,1005.9,0.0,Sunny
28.1,45.9,13.2,1026.0,62.0,Sunny
25.9,62.2,12.2,1012.4,1.0,Sunny
19.8,56.6,17.9,1013.7,45.0,Cloudy
15.3,43.7,5.0,999.6,35.9,Rainy
23.6,98.0,16.5,1007.4,0.0,Sunny
26.6,94.1,27.4,1013.5,58.9,Rainy
39.4,82.4,17.3,1004.8,37.4,Rainy
27.9,45.4,11.4,1018.4,0.0,Sunny
33.9,77.4,10.5,1003.6,71.5,Rainy
23.5,73.5,11.1,1010.0,88.2,Rainy
18.7,70.0,12.2,1007.9,89.7,Rainy
20.2,84.5,11.4,1013.2,58.1,Rainy
21.9,73.4,20.4,1007.5,49.3,Rainy
41.9,75.3,1.9,1010.1,85.2,Rainy
21.3,73.5,20.0,1010.3,95.1,Rainy
32.9,68.1,11.3,1006.9,79.7,Rainy
20.7,29.9,16.6,1015.4,21.6,Sunny
33.5,63.5,6.1,1013.7,53.6,Sunny
29.7,52.0,23.3,1011.4,60.3,Sunny
25.9,39.0,22.7,1009.0,0.0,Sunny
26.7,92.3,20.7,1017.6,61.1,Cloudy
22.4,93.1,3.4,1010.3,100.0,Rainy
30.1,86.5,19.8,1009.9,65.9,Rainy
23.8,66.6,16.8,1012.7,89.3,Rainy
18.4,86.3,2.8,1023.9,53.1,Cloudy
18.1,62.2,13.8,1002.6,45.9,Rainy
28.2,65.7,16.6,1017.4,58.7,Cloudy
38.1,42.3,17.9,998.7,25.2,Rainy
28.1,69.1,15.2,1013.5,21.0,Sunny
26.2,63.1,16.0,1023.0,83.5,Cloudy
29.0,38.6,24.3,1015.4,86.4,Cloudy
36.1,61.1,22.6,1013.2,20.2,Sunny
28.5,60.6,0.0,1008.1,75.1,Cloudy
24.1,94.4,11.8,1012.2,45.6,Rainy
34.7,78.1,12.8,1010.2,57.5,Rainy
30.0,62.2,1.7,1006.5,60.9,Rainy
37.8,66.5,14.7,1010.0,75.8,Cloudy
28.3,62.8,22.7,1013.4,50.3,Sunny
18.4,58.3,6.4,1006.6,87.5,Rainy
17.4,42.5,16.4,1006.4,56.7,Sunny
38.6,59.3,7.6,1002.5,65.5,Rainy
39.1,48.6,9.3,1014.7,24.7,Sunny
25.7,39.5,24.3,1015.8,100.0,Cloudy
24.3,71.2,10.2,1013.6,61.2,Rainy
37.2,69.0,17.2,1018.8,68.0,Sunny
19.3,29.8,0.9,1012.6,3.0,Sunny
20.7,59.8,27.0,1014.7,25.0,Sunny
31.5,79.9,18.2,1014.1,82.7,Rainy
24.2,81.1,12.7,1011.4,56.0,Rainy
27.0,80.5,18.0,1008.3,0.0,Sunny
25.9,62.7,4.1,1027.5,77.1,Cloudy
29.4,46.8,22.3,1008.8,32.8,Sunny
36.9,42.5,11.7,1007.3,87.5,Rainy
27.6,68.2,12.6,1015.0,45.5,Sunny
31.5,68.8,10.6,1013.8,53.7,Rainy
12.6,85.2,9.9,1002.2,81.0,Rainy
26.7,81.8,18.9,1019.9,22.9,Cloudy
21.1,59.6,15.8,1011.3,20.2,Sunny
18.5,39.6,18.6,1004.2,42.5,Sunny
20.9,56.3,13.9,1020.3,71.2,Cloudy
24.7,65.9,17.6,1016.4,10.7,Sunny
33.4,58.4,11.1,1003.1,1.3,Sunny
17.7,51.6,29.6,1024.4,71.1,Cloudy
27.2,66.6,3.0,1016.6,31.1,Sunny
23.6,52.9,22.8,1011.9,37.0,Sunny
24.7,50.7,23.6,1023.1,0.0,Sunny
34.0,67.6,8.0,1013.1,29.0,Sunny
30.8,54.8,29.6,1011.8,47.8,Sunny
36.4,66.4,21.0,1007.4,74.1,Rainy
25.9,66.9,20.8,1016.1,26.4,Sunny
22.1,41.5,14.2,1015.3,94.4,Rainy
25.4,53.3,12.5,1012.1,28.8,Sunny
28.7,87.9,12.5,1006.5,28.9,Rainy
28.2,41.1,16.7,1012.9,91.0,Cloudy
19.4,23.9,23.8,1011.5,53.9,Sunny
27.6,28.5,15.3,1002.7,32.5,Sunny
28.6,62.5,7.6,1001.7,43.7,Rainy
44.0,62.6,19.8,1016.0,85.9,Sunny
40.1,59.9,20.4,993.8,89.1,Rainy
21.0,83.9,18.6,1013.4,25.1,Sunny
25.0,20.0,19.2,1008.7,46.8,Sunny
16.8,69.1,12.1,1021.2,50.5,Cloudy
22.9,90.1,7.5,1008.5,20.4,Rainy
29.2,41.7,7.9,1016.6,46.4,Sunny
35.4,55.2,2.6,1009.2,48.1,Sunny
21.9,48.4,15.7,1012.8,79.9,Cloudy
22.4,45.9,13.4,1017.2,81.8,Cloudy
12.0,56.1,10.9,1008.8,38.8,Rainy
25.9,87.7,0.0,1019.0,42.0,Cloudy
19.6,95.1,5.3,1005.0,66.6,Rainy
23.3,56.0,21.8,1014.1,31.6,Sunny
20.9,96.3,9.3,1018.5,64.5,Rainy
26.3,62.6,16.5,1016.6,45.5,Sunny
14.7,93.6,4.3,1025.4,20.9,Sunny
16.7,60.3,24.1,1006.7,21.2,Sunny
41.9,64.4,13.0,1002.3,88.5,Rainy
18.0,68.6,16.0,1005.0,43.6,Rainy
19.3,98.0,30.3,1016.6,93.9,Rainy
39.9,77.3,24.6,1015.5,33.6,Sunny
44.0,49.3,11.9,1012.7,56.2,Sunny
18.8,79.4,9.8,1004.1,100.0,Rainy
24.4,55.5,11.7,1017.4,18.4,Sunny
29.4,53.2,17.6,1003.4,0.0,Sunny
39.1,78.4,13.3,1020.1,84.0,Cloudy
20.1,62.6,11.2,1032.0,24.8,Sunny
25.3,67.0,24.3,1014.6,47.4,Sunny
32.4,62.3,13.2,1016.1,31.6,Sunny
30.0,68.1,30.1,1008.5,55.5,Cloudy
24.4,69.6,14.6,999.3,21.4,Rainy
26.1,27.1,26.5,1007.8,43.0,Sunny
17.4,74.0,16.5,1004.3,60.6,Rainy
25.3,44.3,20.7,1001.9,19.8,Sunny
25.1,36.0,8.9,1024.1,28.4,Sunny
28.6,60.9,8.0,1013.9,38.3,Sunny
23.1,63.5,17.2,1014.7,8.0,Sunny
30.3,49.5,20.9,1009.8,36.2,Sunny
34.1,77.0,14.3,1010.8,51.3,Rainy
28.1,37.8,5.0,1018.8,36.8,Sunny
29.5,54.7,4.5,1011.8,40.4,Sunny
27.4,51.5,4.0,1015.7,47.4,Sunny
27.0,61.2,1.6,1010.6,29.6,Sunny
21.9,67.0,14.8,1009.6,67.3,Rainy
29.2,43.9,21.9,1002.2,88.2,Rainy
26.3,75.0,13.9,998.2,35.0,Rainy
41.7,63.1,0.0,1010.2,61.6,Cloudy
38.0,27.9,12.7,1012.4,41.3,Sunny
29.7,26.7,12.9,1003.0,58.2,Sunny
21.7,61.8,28.7,1011.8,91.8,Rainy
19.2,58.0,3.8,1012.4,62.2,Cloudy
35.3,60.1,11.3,996.9,0.0,Sunny
28.8,61.5,25.9,1005.6,60.7,Rainy
30.4,66.1,17.1,1014.9,82.5,Rainy
14.8,79.1,17.9,1014.7,41.8,Rainy
33.5,42.0,14.8,1003.9,75.9,Rainy
30.2,40.9,16.3,1013.1,28.7,Sunny
19.2,42.3,19.4,1019.2,6.4,Sunny
23.7,67.2,8.3,1017.4,52.0,Sunny
28.8,84.4,20.1,1011.3,0.0,Sunny
27.4,54.2,4.4,1008.7,41.3,Sunny
25.0,20.0,16.3,1007.6,84.0,Cloudy
26.3,31.3,15.3,1015.3,0.0,Sunny
25.2,47.0,9.7,1013.4,12.2,Sunny
28.1,52.0,13.8,1016.4,19.1,Sunny
37.3,54.6,9.6,1012.9,46.2,Cloudy
9.0,62.7,6.5,1017.7,37.8,Cloudy
25.3,56.4,11.5,1012.7,87.2,Rainy
28.2,80.9,6.3,1017.5,74.7,Rainy
29.1,49.8,16.3,1018.1,61.9,Cloudy
24.4,46.5,5.9,1006.4,52.1,Sunny
14.7,70.6,19.0,999.3,59.0,Rainy
29.3,34.4,5.7,1022.8,23.9,Sunny
39.1,69.0,10.0,1013.8,72.0,Rainy
16.3,63.8,9.6,1000.0,16.9,Rainy
33.0,59.3,23.3,1007.0,71.4,Rainy
24.7,90.6,16.3,1017.4,81.2,Rainy
26.6,50.8,12.5,1010.0,53.9,Rainy
19.6,98.0,17.5,1008.4,43.1,Rainy
24.7,57.9,0.0,1021.8,59.2,Cloudy
36.1,39.0,13.7,1004.7,0.0,Sunny
31.1,63.3,28.0,1006.4,56.5,Cloudy
39.1,42.6,14.9,1013.5,44.8,Sunny
35.2,48.5,14.5,1014.7,46.6,Sunny
30.1,69.1,17.8,1015.5,67.8,Rainy
39.2,72.0,20.3,1018.4,45.9,Sunny
30.1,50.8,0.0,1013.4,16.1,Sunny
32.8,79.8,2.2,1015.4,44.0,Rainy
24.9,82.8,15.5,1010.2,49.9,Rainy
27.5,87.9,9.0,1012.4,51.2,Rainy
22.1,71.5,23.2,1012.8,52.5,Cloudy
33.9,86.5,11.8,1013.5,77.1,Rainy
18.8,28.1,0.5,1017.4,17.6,Sunny
32.5,56.3,5.1,1015.9,52.9,Sunny
25.7,46.4,0.0,1012.3,84.1,Cloudy
35.2,64.1,12.4,1006.3,0.0,Sunny
32.3,51.7,12.7,1012.5,53.0,Sunny
39.7,59.0,11.0,1011.8,31.6,Sunny
32.1,95.9,21.6,1013.4,37.6,Rainy
16.0,58.9,22.4,1027.4,22.7,Sunny
26.5,69.4,12.8,1008.3,43.3,Rainy
18.8,57.8,0.0,1015.0,99.6,Rainy
23.4,63.4,18.3,1019.5,12.6,Sunny
37.6,62.1,17.9,1012.7,15.3,Sunny
31.5,70.1,16.2,1028.4,11.5,Sunny
22.1,83.0,20.9,1009.4,96.4,Rainy
19.9,91.7,5.8,1014.3,35.1,Sunny
27.2,67.6,28.1,1006.4,47.3,Rainy
18.5,72.6,7.3,1009.5,36.7,Cloudy
22.3,41.3,19.2,1013.7,21.6,Sunny
29.2,60.4,2.2,1017.9,41.4,Sunny
35.1,78.9,7.5,1014.2,100.0,Rainy
31.3,77.6,24.6,1020.8,87.0,Cloudy
11.0,65.8,12.2,1011.3,24.1,Sunny
29.1,78.0,19.9,1009.7,66.1,Rainy
27.5,70.8,15.7,1030.9,24.7,Sunny
29.9,83.6,13.3,1014.8,0.0,Sunny
38.3,67.2,23.5,1007.0,76.5,Rainy
12.6,55.6,12.3,1007.1,80.5,Rainy
22.9,68.0,1.5,1005.4,77.3,Rainy
31.1,20.0,8.4,1018.6,34.8,Sunny
15.9,68.9,17.9,1009.4,43.3,Rainy
37.3,20.0,16.8,1012.9,69.0,Sunny
29.6,31.0,3.0,1011.6,59.0,Sunny
32.9,70.1,8.9,1017.1,37.0,Sunny
23.0,70.6,9.9,1006.1,2.7,Sunny
32.7,41.1,11.4,1004.5,51.2,Sunny
34.5,49.2,4.4,1013.6,78.2,Cloudy
28.6,86.7,9.6,1016.2,14.5,Cloudy
28.6,53.3,8.9,1014.3,65.9,Cloudy
28.9,98.0,19.4,1006.3,57.3,Rainy
21.0,62.0,19.7,1016.7,69.0,Cloudy
26.0,69.3,13.0,1006.8,72.4,Rainy
25.9,91.1,11.3,1008.3,28.6,Rainy
29.7,64.4,15.0,1005.4,2.7,Sunny
34.0,44.0,8.3,1021.1,33.1,Sunny
19.6,60.0,6.0,1016.4,72.9,Cloudy
26.1,61.4,7.4,1016.2,32.8,Sunny
37.4,37.4,9.6,1020.7,28.6,Sunny
21.8,57.4,5.9,1031.7,0.0,Sunny
21.2,48.6,15.1,1000.0,97.1,Rainy
28.4,78.6,19.1,1006.8,71.1,Rainy
32.9,62.6,2.9,1007.7,69.6,Rainy
27.1,56.9,14.2,1006.0,75.1,Rainy
36.3,60.1,12.5,1004.5,64.1,Cloudy
33.0,66.0,16.4,1009.9,41.2,Sunny
32.9,73.1,13.9,1003.5,43.4,Rainy
30.9,44.0,3.8,1014.3,36.0,Sunny
43.3,43.3,5.2,1012.4,100.0,Cloudy
25.6,81.9,14.2,1015.4,63.6,Rainy
13.0,54.6,21.2,1015.6,35.0,Sunny
38.2,36.5,0.0,1016.2,61.0,Sunny
23.8,70.0,16.4,1009.4,19.7,Sunny
27.8,70.3,22.3,1026.8,90.1,Cloudy
36.2,34.4,12.9,1013.6,29.5,Sunny
15.8,66.1,17.9,999.0,62.0,Rainy
18.2,75.2,9.1,1005.0,77.8,Rainy
15.8,68.7,13.2,999.8,58.8,Rainy
21.4,73.4,2.7,1012.1,50.6,Rainy
30.1,36.7,0.0,1011.1,48.3,Sunny
30.7,68.0,20.6,1008.7,46.4,Sunny
28.9,56.6,7.1,1026.1,31.9,Sunny
17.1,53.3,10.8,1015.8,35.4,Cloudy
10.8,77.7,4.3,1017.1,89.4,Rainy
27.4,88.6,4.1,1005.5,45.0,Rainy
23.7,94.3,12.8,1005.0,26.0,Rainy
30.2,85.7,8.9,1012.3,33.5,Cloudy
31.9,60.0,16.6,1013.2,78.8,Rainy
28.0,68.3,17.2,999.0,66.9,Rainy
32.3,75.8,16.2,1010.7,63.7,Rainy
28.6,64.2,15.7,1012.1,40.8,Sunny
30.7,64.4,25.0,1010.5,64.1,Cloudy
22.1,76.8,6.5,1006.3,30.0,Cloudy
25.7,60.9,13.6,1008.2,40.7,Sunny
28.4,48.9,21.9,1010.8,75.2,Rainy
32.7,54.5,22.9,1012.6,72.5,Sunny
24.2,73.4,4.0,1016.2,20.5,Sunny
30.6,62.1,11.8,1019.6,24.0,Sunny
25.1,68.1,23.5,1009.9,51.0,Cloudy
26.2,74.1,17.6,1008.8,96.3,Rainy
32.8,55.3,15.4,1015.1,0.0,Sunny
13.0,75.6,12.5,1016.3,55.8,Rainy
17.9,68.8,11.3,1009.0,9.5,Sunny
16.6,39.8,16.0,1017.5,30.2,Sunny
10.7,88.0,12.2,1018.9,37.8,Cloudy
22.3,53.0,13.7,1021.0,36.2,Sunny
32.2,32.2,14.6,1024.4,33.1,Sunny
25.0,43.2,9.3,1005.9,48.2,Sunny
28.4,43.6,17.7,1012.1,33.0,Sunny
34.6,62.9,34.4,1012.1,7.1,Sunny
36.3,57.1,1.6,1011.3,69.8,Rainy
26.5,55.9,16.3,1007.5,69.1,Rainy
36.5,73.2,8.7,1001.6,71.6,Rainy
27.6,68.1,18.0,1012.6,4.9,Sunny
21.1,67.7,14.3,1006.6,56.4,Rainy
22.8,69.4,19.3,1012.6,66.9,Rainy
16.6,73.1,22.2,1006.4,19.1,Cloudy
20.8,24.1,15.3,1004.3,48.3,Rainy
24.5,55.4,21.9,1013.6,44.7,Cloudy
32.6,22.8,0.0,1013.1,99.6,Cloudy
39.0,62.6,25.1,1016.1,100.0,Rainy
17.3,61.9,16.6,1027.3,1.4,Sunny
29.7,80.8,21.5,1013.9,100.0,Rainy
19.7,83.4,5.5,1015.4,22.4,Cloudy
30.3,65.6,8.2,1004.5,75.5,Rainy
26.1,53.0,15.0,1003.0,75.2,Rainy
14.2,70.7,13.9,1023.1,20.1,Sunny
33.5,52.5,16.0,1005.5,61.8,Cloudy
22.8,62.0,21.6,1004.7,45.0,Rainy
23.3,79.8,1.6,1011.7,63.5,Rainy
19.5,52.0,20.8,1011.4,54.5,Cloudy
22.4,76.5,14.1,1005.7,81.5,Rainy
30.0,74.2,12.6,1009.9,50.1,Rainy
25.7,44.8,3.7,1020.6,43.3,Sunny
29.3,79.5,17.5,1006.4,78.7,Rainy
29.5,74.6,0.0,1002.2,64.3,Rainy
36.2,63.8,18.5,1018.6,68.5,Cloudy
24.6,48.3,3.6,1015.4,29.4,Sunny
16.7,46.5,14.4,1007.7,18.7,Sunny
34.5,52.3,13.2,1000.9,32.1,Sunny
24.7,71.8,22.2,1006.8,30.6,Rainy
34.8,44.8,12.7,1011.6,70.0,Sunny
29.7,69.9,9.1,1020.2,75.3,Cloudy
26.1,39.6,10.5,1004.7,43.7,Sunny
29.4,58.3,22.9,1011.4,88.1,Rainy
40.7,64.0,17.8,1016.7,86.3,Rainy
41.5,98.0,11.3,995.3,54.8,Rainy
27.5,37.2,12.3,1019.2,25.0,Sunny
28.1,88.5,3.0,1003.7,92.1,Rainy
34.5,64.7,16.7,1014.3,46.3,Sunny
21.1,69.4,1.7,1013.7,51.5,Sunny
29.3,64.1,19.3,1019.6,38.5,Sunny
26.8,70.0,14.9,1015.9,23.1,Sunny
29.2,59.2,30.7,995.4,6.9,Rainy
21.2,88.2,6.3,1006.5,65.7,Rainy
15.9,53.8,13.3,1013.0,26.1,Sunny
12.5,82.4,26.6,1010.6,100.0,Rainy
19.2,50.4,22.3,1015.3,17.6,Sunny
23.8,60.9,9.1,1017.5,12.8,Sunny
24.9,42.7,15.6,1016.3,62.3,Cloudy
40.6,70.2,14.0,1010.5,90.8,Rainy
34.7,88.0,16.0,999.1,49.8,Rainy
20.3,60.6,9.1,1008.8,64.0,Rainy
29.4,58.5,13.4,1014.9,0.0,Sunny
24.2,41.9,2.8,1004.4,29.0,Sunny
25.0,57.9,14.9,1016.4,17.9,Sunny
28.3,33.3,17.2,1018.4,0.0,Sunny
31.3,45.6,12.4,1012.9,51.3,Sunny
24.6,66.1,2.7,990.6,0.0,Rainy
34.4,85.7,20.9,1003.1,11.0,Cloudy
19.0,98.0,16.6,1025.2,33.0,Cloudy
27.0,51.4,8.9,1008.2,24.7,Sunny
44.0,87.8,12.0,998.1,59.1,Rainy
28.6,66.4,3.5,1020.6,56.6,Sunny
37.0,59.3,6.8,1012.1,73.0,Rainy
27.6,69.8,10.2,1019.7,69.1,Cloudy
31.1,63.1,22.6,1013.9,79.9,Rainy
26.6,64.0,9.5,1015.2,47.9,Sunny
25.8,54.7,18.5,1014.5,56.5,Sunny
21.5,36.8,10.2,1016.9,62.3,Cloudy
30.0,34.2,15.7,1027.9,52.0,Sunny
21.0,73.8,13.0,1018.8,36.9,Sunny
31.7,57.0,20.1,1000.9,38.7,Rainy
34.6,51.3,10.3,1015.1,25.1,Sunny
29.6,62.2,3.0,1020.0,59.8,Sunny
25.0,76.3,4.3,1020.4,45.4,Cloudy
30.2,65.2,10.3,1009.0,29.4,Sunny
24.8,50.2,5.3,1020.2,29.5,Sunny
33.5,84.1,16.9,1018.5,14.1,Sunny
14.2,90.4,10.7,1030.0,75.4,Cloudy
24.7,70.9,30.6,1006.7,50.2,Rainy
13.1,79.5,1.8,1008.4,23.8,Cloudy
16.5,84.4,15.4,1009.9,70.6,Rainy
36.5,82.3,6.1,1008.6,32.3,Sunny
33.3,73.1,10.5,1005.8,8.6,Rainy
22.0,72.8,15.0,992.7,76.6,Rainy
16.5,71.4,0.0,1009.0,33.0,Sunny
8.0,42.2,15.7,1014.6,36.6,Cloudy
23.2,74.6,27.3,1008.5,49.2,Rainy
43.9,37.6,10.8,1025.5,80.0,Cloudy
30.0,47.7,15.8,1012.1,48.6,Sunny
23.1,85.5,21.2,1021.0,14.4,Sunny
30.3,77.1,12.9,1013.8,63.2,Cloudy
16.1,88.8,9.9,1017.8,34.4,Cloudy
24.9,57.1,0.0,1014.0,100.0,Cloudy
27.7,41.3,18.5,1021.6,48.0,Sunny
26.4,57.7,13.2,1012.4,0.0,Sunny
32.5,63.8,6.9,1015.5,58.0,Cloudy
29.4,63.4,14.9,1014.6,100.0,Rainy
31.7,82.4,9.9,1010.0,92.1,Rainy
22.2,55.5,10.3,1014.8,99.3,Rainy
33.3,68.3,18.2,1027.6,19.4,Sunny
38.4,44.2,4.6,1010.1,73.5,Rainy
20.2,70.1,21.3,1014.9,27.8,Sunny
20.8,62.1,4.2,1020.8,54.3,Sunny
36.4,48.5,9.4,1020.0,12.4,Sunny
25.7,57.8,27.5,1012.1,30.0,Sunny
36.8,58.7,21.9,995.3,29.1,Rainy
23.9,57.1,14.7,1015.6,73.2,Rainy
37.2,93.9,7.4,996.5,70.4,Rainy
27.9,60.2,10.3,1022.3,55.8,Sunny
28.8,57.6,14.5,1013.2,10.2,Sunny
38.0,24.2,14.3,1019.0,39.3,Sunny
24.5,45.9,13.4,1005.7,27.1,Sunny
20.4,57.3,13.8,1001.1,72.4,Rainy
23.9,49.7,12.5,1013.8,81.0,Rainy
30.2,86.9,3.9,1011.8,77.6,Rainy
16.0,59.0,10.4,1008.6,26.9,Cloudy
31.5,85.2,20.4,1012.6,0.0,Sunny
23.2,63.1,4.4,1031.4,0.0,Sunny
35.0,62.7,12.7,1017.8,87.8,Cloudy
10.2,60.4,8.3,1019.3,36.8,Cloudy
21.5,62.1,14.8,1017.9,27.0,Sunny
15.2,92.9,11.3,1022.4,94.0,Rainy
21.2,20.2,24.3,1010.7,83.4,Sunny
28.7,26.0,17.5,997.6,48.7,Sunny
25.7,52.2,4.8,1010.7,39.8,Sunny
25.2,62.3,18.7,1017.7,44.3,Sunny
25.9,74.4,8.6,1005.2,54.4,Rainy
28.4,70.5,10.0,1010.8,92.8,Rainy
19.9,55.1,16.2,1007.2,59.8,Rainy
31.9,80.3,10.6,1022.5,68.3,Cloudy
31.6,80.5,20.2,1017.2,80.7,Rainy
29.7,65.3,8.6,1016.6,15.2,Sunny
30.9,79.3,9.7,1016.4,69.1,Sunny
29.1,66.9,9.4,1011.7,39.8,Sunny
41.2,51.9,10.0,1013.4,0.0,Sunny
26.4,74.6,21.7,1003.7,0.0,Rainy
24.9,64.0,18.4,996.7,19.5,Rainy
21.7,62.0,26.0,1013.1,62.9,Cloudy
19.8,88.5,29.9,1014.3,51.2,Rainy
18.3,20.0,6.8,1020.5,53.2,Sunny
20.8,36.5,14.5,1023.0,100.0,Cloudy
26.5,40.6,5.8,1023.0,12.5,Sunny
29.3,55.5,8.6,1005.0,47.2,Rainy
27.4,57.4,9.6,1009.5,56.5,Sunny
21.6,34.9,6.6,1015.4,27.4,Sunny
33.3,44.3,6.6,1029.7,48.8,Sunny
32.2,46.5,13.0,1022.4,3.2,Sunny
25.9,98.0,5.5,1019.8,87.5,Rainy
22.4,94.4,19.9,1009.3,28.9,Cloudy
30.8,54.6,7.6,1005.8,100.0,Rainy
28.3,55.5,33.7,1017.5,47.1,Sunny
16.9,41.3,10.8,1004.3,76.8,Rainy
26.5,27.7,14.5,1010.3,46.5,Sunny
28.8,59.9,4.9,1011.2,47.1,Sunny
20.7,44.0,25.9,1023.2,31.6,Sunny
28.3,60.5,21.8,1009.5,51.3,Cloudy
16.8,33.2,16.1,994.9,56.9,Rainy
36.4,48.3,4.6,1015.5,26.0,Sunny
35.7,64.7,15.5,1007.1,44.5,Rainy
25.2,68.6,6.1,1012.3,30.9,Cloudy
29.5,69.5,24.2,1011.4,100.0,Rainy
10.1,38.2,19.7,1010.1,45.5,Sunny
18.9,77.4,14.7,1017.5,91.3,Rainy
24.9,47.6,0.0,1001.3,42.5,Rainy
19.5,73.4,7.1,1008.4,55.3,Rainy
32.0,61.8,18.8,1016.8,11.0,Sunny
41.0,37.2,22.5,1007.7,35.5,Sunny
18.8,56.3,21.8,1000.7,53.9,Rainy
21.1,68.6,2.9,1016.7,92.4,Rainy
28.6,73.0,16.1,1019.9,54.2,Cloudy
38.3,59.5,21.1,1011.7,86.7,Rainy
18.4,89.6,2.4,998.3,65.9,Rainy
28.7,80.1,13.9,1016.9,93.6,Rainy
39.7,57.4,15.9,1000.4,46.3,Rainy
15.4,75.5,11.9,1014.2,100.0,Rainy
18.0,96.8,1.0,1005.8,34.4,Rainy
24.0,97.3,11.7,1003.9,26.5,Rainy
23.4,39.9,11.7,1008.9,14.1,Sunny
32.7,45.3,13.0,1010.7,100.0,Rainy
28.7,88.7,10.1,1007.5,70.9,Rainy
14.6,43.0,10.9,1016.1,38.6,Sunny
